1;Aaron;111111
2;Abdel;222222
3;Abdiel;333333
4;Abdul;444444
5;Abiel;555555
6;Alberto;666666
7;Alejandro;777777
8;Alfonso;888888
9;Alfredo;999999
10;Alva;1111110
11;Amadeo;1222221
12;Alvaro;1333332
13;Angel;1444443
14;Anselmo;1555554
15;Aquiles;1666665
16;Aramis;1777776
17;Armando;1888887
18;Augusto;1999998
19;Baltasar;2111109
20;Barrabas;2222220
21;Bartolome;2333331
22;Basilio;2444442
23;Beltran;2555553
24;Benito;2666664
25;Bernardo;2777775
26;Billy;2888886
27;Blas;2999997
28;Borja;3111108
29;Brian;3222219
30;Bruno;3333330
